Sample #,Date/Time,Frequency (MHz),Profile Type,Depth (m),Cell Size (m),Cell Start (m),Cell1 Location (m),Cell1 Ve (m/s),Cell1 Vn (m/s),Cell1 Vu (m/s),Cell1 Vd (m/s),Cell1 Spd (m/s),Cell1 Dir (deg),Cell2 Location (m),Cell2 Ve (m/s),Cell2 Vn (m/s),Cell2 Vu (m/s),Cell2 Vd (m/s),Cell2 Spd (m/s),Cell2 Dir (deg),Cell3 Location (m),Cell3 Ve (m/s),Cell3 Vn (m/s),Cell3 Vu (m/s),Cell3 Vd (m/s),Cell3 Spd (m/s),Cell3 Dir (deg),Cell4 Location (m),Cell4 Ve (m/s),Cell4 Vn (m/s),Cell4 Vu (m/s),Cell4 Vd (m/s),Cell4 Spd (m/s),Cell4 Dir (deg),Cell5 Location (m),Cell5 Ve (m/s),Cell5 Vn (m/s),Cell5 Vu (m/s),Cell5 Vd (m/s),Cell5 Spd (m/s),Cell5 Dir (deg),Cell6 Location (m),Cell6 Ve (m/s),Cell6 Vn (m/s),Cell6 Vu (m/s),Cell6 Vd (m/s),Cell6 Spd (m/s),Cell6 Dir (deg),Cell7 Location (m),Cell7 Ve (m/s),Cell7 Vn (m/s),Cell7 Vu (m/s),Cell7 Vd (m/s),Cell7 Spd (m/s),Cell7 Dir (deg),Cell8 Location (m),Cell8 Ve (m/s),Cell8 Vn (m/s),Cell8 Vu (m/s),Cell8 Vd (m/s),Cell8 Spd (m/s),Cell8 Dir (deg),Cell9 Location (m),Cell9 Ve (m/s),Cell9 Vn (m/s),Cell9 Vu (m/s),Cell9 Vd (m/s),Cell9 Spd (m/s),Cell9 Dir (deg),Cell10 Location (m),Cell10 Ve (m/s),Cell10 Vn (m/s),Cell10 Vu (m/s),Cell10 Vd (m/s),Cell10 Spd (m/s),Cell10 Dir (deg),Cell11 Location (m),Cell11 Ve (m/s),Cell11 Vn (m/s),Cell11 Vu (m/s),Cell11 Vd (m/s),Cell11 Spd (m/s),Cell11 Dir (deg),Cell12 Location (m),Cell12 Ve (m/s),Cell12 Vn (m/s),Cell12 Vu (m/s),Cell12 Vd (m/s),Cell12 Spd (m/s),Cell12 Dir (deg),Cell13 Location (m),Cell13 Ve (m/s),Cell13 Vn (m/s),Cell13 Vu (m/s),Cell13 Vd (m/s),Cell13 Spd (m/s),Cell13 Dir (deg),Cell14 Location (m),Cell14 Ve (m/s),Cell14 Vn (m/s),Cell14 Vu (m/s),Cell14 Vd (m/s),Cell14 Spd (m/s),Cell14 Dir (deg),Cell15 Location (m),Cell15 Ve (m/s),Cell15 Vn (m/s),Cell15 Vu (m/s),Cell15 Vd (m/s),Cell15 Spd (m/s),Cell15 Dir (deg),Cell16 Location (m),Cell16 Ve (m/s),Cell16 Vn (m/s),Cell16 Vu (m/s),Cell16 Vd (m/s),Cell16 Spd (m/s),Cell16 Dir (deg),Cell17 Location (m),Cell17 Ve (m/s),Cell17 Vn (m/s),Cell17 Vu (m/s),Cell17 Vd (m/s),Cell17 Spd (m/s),Cell17 Dir (deg),Cell18 Location (m),Cell18 Ve (m/s),Cell18 Vn (m/s),Cell18 Vu (m/s),Cell18 Vd (m/s),Cell18 Spd (m/s),Cell18 Dir (deg),Cell19 Location (m),Cell19 Ve (m/s),Cell19 Vn (m/s),Cell19 Vu (m/s),Cell19 Vd (m/s),Cell19 Spd (m/s),Cell19 Dir (deg),Cell20 Location (m),Cell20 Ve (m/s),Cell20 Vn (m/s),Cell20 Vu (m/s),Cell20 Vd (m/s),Cell20 Spd (m/s),Cell20 Dir (deg)
1,7/12/2007 14:36,1MHz,HD,1.71,0.06,0.14,0.17,0.107,-0.095,-0.059,0.05,0.143,131.6,0.23,0.004,0.055,0.006,-0.016,0.055,4.16,0.29,0.03,0.108,0.013,-0.028,0.112,15.524,0.35,0.072,0.089,-0.011,-0.031,0.114,38.972,0.41,0.054,0.079,-0.003,-0.013,0.096,34.354,0.47,-0.1,0.063,0.034,0.06,0.118,302.211,0.53,0.115,0.116,-0.012,-0.027,0.163,44.752,0.59,-0.009,0.007,0.01,0.111,0.011,307.875,0.65,0.116,0.088,0.003,0.032,0.146,52.815,0.71,0.077,0.102,0.019,0.045,0.128,37.049,0.77,-0.088,0.184,0.004,-0.045,0.204,334.44,0.83,0.088,0.099,-0.002,-0.047,0.132,41.634,0.89,0.029,0.104,0.015,0.039,0.108,15.581,0.95,0.155,0.067,-0.001,-0.022,0.169,66.623,1.01,0.128,0.094,0.021,-0.025,0.159,53.707,1.07,0.11,0.1,-0.017,-0.015,0.149,47.726,1.13,0.037,0.036,-0.01,-0.053,0.052,45.785,1.19,0.136,0.184,0.013,0.03,0.229,36.469,1.25,-0.019,0.132,-0.01,-0.093,0.133,351.809,1.31,-0.007,0.064,-0.029,-0.022,0.064,353.758
2,7/12/2007 14:36,1MHz,HD,1.72,0.06,0.14,0.17,0.157,-0.072,-0.07,-0.006,0.173,114.636,0.23,-0.005,0.084,0.027,-0.011,0.084,356.594,0.29,0.071,0.155,0.004,-0.009,0.17,24.611,0.35,0.091,0.089,0.002,-0.026,0.127,45.637,0.41,-0.014,0.043,0.02,0.039,0.045,341.966,0.47,-0.043,0.104,0.032,0.052,0.113,337.537,0.53,0.062,-0.03,-0.037,0.086,0.069,115.821,0.59,0.059,0.118,0.011,0.034,0.132,26.565,0.65,0.044,0.129,0.025,0.044,0.136,18.834,0.71,0.002,0.091,0.005,0.027,0.091,1.259,0.77,0.067,0.106,-0.017,-0.032,0.125,32.296,0.83,0.097,0.087,-0.01,-0.021,0.13,48.111,0.89,0.135,0.084,-0.012,-0.031,0.159,58.109,0.95,0.193,0.07,-0.002,-0.016,0.205,70.065,1.01,0.025,0.059,-0.005,-0.072,0.064,22.964,1.07,0.005,0.052,-0.025,-0.098,0.052,5.492,1.13,0.048,-0.11,-0.07,0.007,0.12,156.425,1.19,0.057,0.088,0.015,-0.015,0.105,32.932,0,0,0,0,0,0,0,0,0,0,0,0,0,0
3,7/12/2007 14:36,1MHz,HD,1.68,0.06,0.14,0.17,0.007,0.005,0.015,0.008,0.009,54.462,0.23,0.111,0.052,-0.008,-0.035,0.123,64.898,0.29,-0.09,0.04,0.042,0.06,0.098,293.962,0.35,0.123,0.022,-0.022,-0.005,0.125,79.859,0.41,-0.086,0.061,0.048,0.08,0.105,305.348,0.47,0.136,0.05,-0.008,-0.035,0.145,69.814,0.53,-0.026,0.088,0.036,0.048,0.092,343.54,0.59,0.088,0.121,-0.005,-0.025,0.15,36.027,0.65,-0.006,0.105,0.027,0.065,0.105,356.73,0.71,0.107,0.123,0.012,0.037,0.163,41.021,0.77,0.118,0.11,0.015,0.018,0.161,47.01,0.83,0.074,0.089,-0.01,-0.034,0.116,39.742,0.89,0.077,0.091,-0.009,-0.02,0.119,40.236,0.95,0.066,0.137,0.001,0.048,0.152,25.723,1.01,0.096,0.013,0.028,-0.008,0.097,82.288,1.07,-0.031,0.092,-0.026,-0.05,0.097,341.378,1.13,-0.047,0.139,-0.017,-0.123,0.147,341.318,1.19,0.09,0.096,0.001,-0.056,0.132,43.152,1.25,0.108,0.032,0.02,-0.1,0.113,73.496,0,0,0,0,0,0,0
4,7/12/2007 14:36,1MHz,HD,1.75,0.06,0.14,0.17,-0.073,-0.037,0.005,0.087,0.082,243.122,0.23,0.003,-0.019,-0.001,0.025,0.019,171.027,0.29,-0.026,-0.004,0.009,0.085,0.026,261.254,0.35,0.101,0.092,-0.003,-0.032,0.137,47.67,0.41,0.089,0.093,-0.016,-0.016,0.129,43.741,0.47,0.108,0.122,-0.01,-0.016,0.163,41.517,0.53,0.03,0.096,0.003,0.028,0.101,17.354,0.59,0.075,0.087,-0.015,0.014,0.115,40.764,0.65,-0.012,0.114,0.028,0.032,0.115,353.991,0.71,0.107,0.108,-0.032,-0.056,0.152,44.734,0.77,0.186,0.102,-0.002,0.02,0.212,61.26,0.83,0.068,0.101,0.016,0.043,0.122,33.951,0.89,0.111,0.096,0.006,0.034,0.147,49.145,0.95,0.024,-0.055,0.005,-0.102,0.06,156.425,1.01,0.085,0.034,0.003,-0.033,0.092,68.199,1.07,0.072,-0.007,-0.003,-0.059,0.072,95.553,1.13,0.13,-0.072,0.018,-0.052,0.149,118.98,1.19,0.075,0.089,-0.02,0.001,0.116,40.121,1.25,0.109,-0.009,-0.034,0.032,0.109,94.72,0,0,0,0,0,0,0
5,7/12/2007 14:36,1MHz,HD,1.72,0.06,0.14,0.17,0.098,0.146,-0.008,-0.086,0.176,33.871,0.23,0.046,0.042,-0.001,-0.025,0.062,47.603,0.29,0.153,0.071,-0.035,-0.061,0.169,65.106,0.35,0.144,0.061,-0.017,-0.058,0.156,67.042,0.41,0.132,0.117,-0.023,-0.04,0.176,48.447,0.47,-0.042,0.137,0.017,0.056,0.143,342.956,0.53,-0.006,0.1,0.01,0.023,0.1,356.566,0.59,0.04,0.154,0.012,-0.03,0.159,14.56,0.65,0.159,0.1,-0.006,0.006,0.188,57.833,0.71,0.068,0.107,0.007,-0.019,0.127,32.437,0.77,0.038,0.097,0.01,0.022,0.104,21.393,0.83,0.124,0.082,-0.003,-0.018,0.149,56.524,0.89,0.102,0.08,-0.015,-0.038,0.13,51.892,0.95,0.055,0.074,0.015,0.005,0.092,36.621,1.01,0.094,0.059,-0.005,-0.005,0.111,57.885,1.07,0.065,0.071,-0.008,-0.053,0.096,42.474,1.13,0.185,0.006,0.013,-0.038,0.185,88.142,1.19,0.123,0.209,0.021,0.014,0.243,30.478,0,0,0,0,0,0,0,0,0,0,0,0,0,0
6,7/12/2007 14:36,1MHz,HD,1.72,0.06,0.14,0.17,0.053,0,-0.024,0.006,0.053,90,0.23,-0.059,0.071,0.034,0.03,0.092,320.274,0.29,-0.007,0.027,0.013,0.021,0.028,345.466,0.35,0.088,0.039,-0.005,-0.017,0.096,66.098,0.41,0.101,0.083,-0.01,-0.04,0.131,50.587,0.47,0.117,0.078,-0.006,-0.023,0.141,56.31,0.53,0.099,0.083,-0.02,-0.007,0.129,50.024,0.59,0.118,0.078,-0.033,-0.02,0.141,56.535,0.65,0.105,0.167,0.01,-0.031,0.197,32.159,0.71,0.076,0.139,0.002,-0.003,0.158,28.668,0.77,0.137,0.121,0.001,0.013,0.183,48.549,0.83,0.146,0.066,-0.005,0.027,0.16,65.674,0.89,0.076,0.052,-0.007,0.041,0.092,55.62,0.95,-0.097,0.052,0.037,0.059,0.11,298.195,1.01,0.058,0.046,0.009,-0.052,0.074,51.582,1.07,0.05,0.072,-0.016,-0.057,0.088,34.778,1.13,-0.003,0.155,-0.024,-0.059,0.155,358.891,1.19,0.119,0.06,0.026,-0.055,0.133,63.243,0,0,0,0,0,0,0,0,0,0,0,0,0,0
7,7/12/2007 14:36,1MHz,HD,1.72,0.06,0.14,0.17,0.057,0.008,-0.022,-0.022,0.058,82.011,0.23,-0.086,0.067,0.055,0.004,0.109,307.921,0.29,0.089,0.073,0.003,-0.029,0.115,50.641,0.35,-0.077,0.07,0.037,0.041,0.104,312.274,0.41,0.067,0.079,-0.004,-0.006,0.104,40.301,0.47,0.068,0.125,-0.002,-0.004,0.142,28.546,0.53,-0.012,0.091,0.025,0.053,0.092,352.488,0.59,0.074,0.034,-0.056,-0.032,0.081,65.323,0.65,0.16,0.11,-0.012,-0.009,0.194,55.491,0.71,0.119,0.154,0.013,0.008,0.195,37.694,0.77,0.131,0.13,0.008,-0.004,0.185,45.22,0.83,0.106,0.114,0.017,0.031,0.156,42.917,0.89,-0.039,-0.126,-0.097,0.009,0.132,197.199,0.95,0,0.022,-0.03,-0.086,0.022,0,1.01,-0.037,0.05,0.032,0.089,0.062,323.499,1.07,-0.016,0.034,-0.042,-0.103,0.038,334.799,1.13,-0.051,-0.131,-0.003,-0.168,0.141,201.272,1.19,-0.072,0.03,0.053,0.07,0.078,292.62,1.25,0.066,-0.062,0,-0.122,0.091,133.21,0,0,0,0,0,0,0
8,7/12/2007 14:36,1MHz,HD,1.72,0.06,0.14,0.17,0.028,-0.024,-0.012,0.002,0.037,130.601,0.23,-0.018,0.041,0.02,0.009,0.045,336.297,0.29,-0.015,0.047,0.018,0.02,0.049,342.3,0.35,-0.013,0.056,0.013,0.038,0.057,346.931,0.41,0.065,0.085,-0.01,0.007,0.107,37.405,0.47,0.064,0.115,-0.003,-0.001,0.132,29.097,0.53,-0.088,0.049,0.011,0.078,0.101,299.11,0.59,0.054,0.042,-0.019,0.071,0.068,52.125,0.65,0.099,0.111,0,-0.013,0.149,41.73,0.71,0.089,0.092,0.008,0.036,0.128,44.05,0.77,0.12,0.091,0.003,-0.007,0.151,52.826,0.83,0.028,0.029,-0.017,-0.009,0.04,43.995,0.89,0.062,-0.001,-0.012,-0.034,0.062,90.924,0.95,0.093,0.141,-0.008,0,0.169,33.408,1.01,0.073,0.079,0.004,-0.013,0.108,42.739,1.07,-0.142,0.037,0.037,0.047,0.147,284.604,1.13,0.14,0.07,0.02,0.01,0.157,63.435,1.19,0.051,0.045,-0.002,-0.087,0.068,48.576,1.25,0.108,-0.164,-0.08,0.021,0.196,146.634,0,0,0,0,0,0,0
9,7/12/2007 14:37,1MHz,HD,1.72,0.06,0.14,0.17,0.026,-0.016,-0.013,-0.015,0.031,121.608,0.23,0.041,0.052,0.015,-0.031,0.066,38.254,0.29,0.026,-0.043,-0.015,0.047,0.05,148.841,0.35,-0.021,0.083,0.017,0.03,0.086,345.801,0.41,0.074,0.127,-0.012,-0.013,0.147,30.228,0.47,0.053,0.109,0.013,0.01,0.121,25.931,0.53,0.12,0.086,-0.025,-0.019,0.148,54.372,0.59,0.076,0.012,-0.039,0.05,0.077,81.027,0.65,0.025,0.082,-0.009,-0.018,0.086,16.955,0.71,0.004,0.099,-0.031,-0.072,0.099,2.314,0.77,-0.075,0.088,0.023,-0.009,0.116,319.56,0.83,0.04,0.078,-0.016,-0.071,0.088,27.15,0.89,0.13,0.027,0.007,-0.015,0.133,78.267,0.95,0.087,0.067,-0.018,-0.026,0.11,52.4,1.01,0.2,0.049,0.023,0.022,0.206,76.234,1.07,0.134,0.026,-0.011,-0.033,0.136,79.019,1.13,0.191,-0.019,-0.001,-0.094,0.192,95.681,1.19,-0.011,0.056,0.005,-0.089,0.057,348.887,1.25,0.101,-0.011,-0.029,-0.042,0.102,96.216,0,0,0,0,0,0,0
10,7/12/2007 14:37,1MHz,HD,1.72,0.06,0.14,0.17,0.059,-0.006,-0.027,-0.015,0.059,95.807,0.23,0.089,0.068,-0.005,-0.017,0.112,52.619,0.29,0.043,0.074,0.024,-0.001,0.086,30.16,0.35,0.001,0.165,0.042,0.008,0.165,0.347,0.41,-0.083,0.11,0.048,0.088,0.138,322.964,0.47,0.136,0.12,-0.01,-0.014,0.181,48.576,0.53,-0.022,0.083,0.042,0.091,0.086,345.155,0.59,0.113,0.171,0.009,-0.037,0.205,33.457,0.65,0.104,0.119,-0.015,-0.018,0.158,41.152,0.71,-0.085,0.057,0.016,0.048,0.102,303.845,0.77,0.013,0.089,0.016,0.022,0.09,8.31,0.83,0.061,0.06,0.001,-0.026,0.086,45.474,0.89,0.008,-0.008,0.014,-0.068,0.011,135,0.95,0.026,0.057,-0.01,-0.093,0.063,24.52,1.01,0.054,0.037,-0.027,-0.047,0.065,55.582,1.07,-0.038,0.048,-0.031,-0.079,0.061,321.633,1.13,0.08,0.136,-0.003,0.021,0.158,30.466,1.19,0.077,-0.084,-0.003,-0.062,0.114,137.49,0,0,0,0,0,0,0,0,0,0,0,0,0,0
11,7/12/2007 14:37,1MHz,HD,1.72,0.06,0.14,0.17,0.051,0.025,-0.029,0.028,0.057,63.886,0.23,0.131,0.027,-0.015,0.006,0.134,78.354,0.29,0.031,0.143,0.051,-0.005,0.146,12.232,0.35,-0.015,0.099,0.049,0.068,0.1,351.384,0.41,0.098,0.104,-0.007,-0.001,0.143,43.299,0.47,0.061,0.077,-0.004,0.016,0.098,38.387,0.53,-0.075,0.123,0.044,0.067,0.144,328.627,0.59,0.11,0.049,-0.038,-0.002,0.12,65.989,0.65,0.043,0.13,0.005,-0.027,0.137,18.303,0.71,0.103,-0.007,-0.039,0.032,0.103,93.888,0.77,0.046,0.088,0.003,-0.021,0.099,27.597,0.83,0.09,0.065,-0.005,-0.014,0.111,54.162,0.89,0.211,0.05,0.037,0.014,0.217,76.669,0.95,0.099,0.056,0.009,-0.007,0.114,60.505,1.01,0.098,0.05,-0.045,-0.104,0.11,62.969,1.07,0.118,0.085,-0.003,-0.031,0.145,54.233,1.13,0.02,0.035,0.016,-0.031,0.04,29.745,1.19,0.087,0.06,-0.002,-0.026,0.106,55.408,0,0,0,0,0,0,0,0,0,0,0,0,0,0
12,7/12/2007 14:37,1MHz,HD,1.72,0.06,0.14,0.17,-0.026,-0.046,-0.02,0.092,0.053,209.476,0.23,0.145,0.044,-0.02,-0.005,0.152,73.12,0.29,0.032,0.112,0.023,-0.002,0.116,15.945,0.35,0.035,0.123,0.025,0.005,0.128,15.884,0.41,0.072,0.106,0.013,0.002,0.128,34.186,0.47,0.081,0.152,0.019,-0.039,0.172,28.053,0.53,-0.055,0.091,0.023,0.03,0.106,328.851,0.59,-0.109,0.098,0.039,0.059,0.147,311.958,0.65,0.055,0.113,-0.002,-0.02,0.126,25.953,0.71,0.09,0.07,-0.013,-0.016,0.114,52.125,0.77,-0.067,0.067,0.037,0.054,0.095,315,0.83,0.02,0.089,-0.023,-0.072,0.091,12.665,0.89,-0.063,0.098,-0.032,-0.058,0.117,327.265,0.95,-0.116,-0.007,0.039,0.021,0.116,266.547,1.01,-0.117,0.056,0.006,0.032,0.13,295.577,1.07,0,0.051,-0.02,-0.07,0.051,0,1.13,0.13,0.062,0.014,-0.006,0.144,64.502,1.19,0.108,0.021,0,-0.048,0.11,78.996,1.25,0.059,0.072,0.024,-0.059,0.093,39.333,0,0,0,0,0,0,0
13,7/12/2007 14:37,1MHz,HD,1.72,0.06,0.14,0.17,0.074,-0.048,-0.023,0.097,0.088,122.969,0.23,0.101,0.056,-0.003,-0.037,0.115,60.994,0.29,0.003,0.054,0.016,0.02,0.054,3.18,0.35,0.048,0.07,0.013,-0.011,0.085,34.439,0.41,0.091,0.077,0.006,-0.028,0.119,49.764,0.47,-0.121,0.078,0.059,0.089,0.144,302.807,0.53,-0.057,0.083,0.032,0.044,0.101,325.521,0.59,-0.015,0.125,0.053,0.067,0.126,353.157,0.65,-0.083,0.098,0.052,0.1,0.128,319.737,0.71,0.092,0.097,-0.012,0.04,0.134,43.485,0.77,0.084,0.105,0.054,0.117,0.134,38.66,0.83,0.144,0.117,0.003,0.015,0.186,50.906,0.89,0.065,0.141,0.009,-0.012,0.155,24.749,0.95,0.098,0.107,0.007,-0.013,0.145,42.486,1.01,0.116,0.115,-0.002,-0.042,0.163,45.248,1.07,0.104,0.019,-0.035,-0.095,0.106,79.647,1.13,0.026,0.027,0.014,-0.012,0.037,43.919,1.19,0.053,0.033,0.008,-0.076,0.062,58.092,1.25,0.085,-0.028,0.007,-0.079,0.089,108.232,0,0,0,0,0,0,0
14,7/12/2007 14:37,1MHz,HD,1.72,0.06,0.14,0.17,0.062,0.195,0.024,-0.057,0.205,17.638,0.23,-0.015,0.001,-0.002,0.099,0.015,273.814,0.29,-0.015,0.129,0.041,0.02,0.13,353.367,0.35,-0.01,0.071,0.016,0.024,0.072,351.983,0.41,-0.107,0.054,0.052,0.073,0.12,296.779,0.47,0.109,0.104,0.011,-0.012,0.151,46.345,0.53,0.036,0.115,0.025,0.012,0.121,17.382,0.59,-0.057,0.104,0.05,0.081,0.119,331.274,0.65,-0.013,0.083,0.027,0.08,0.084,351.098,0.71,0.074,0.131,0.015,0.012,0.15,29.461,0.77,0.036,0.091,-0.003,0.004,0.098,21.584,0.83,0.076,0.109,0.013,0.021,0.133,34.886,0.89,0.004,0.072,-0.007,-0.005,0.072,3.18,0.95,0.21,0.085,0.03,0.014,0.227,67.964,1.01,-0.034,0.087,-0.016,-0.059,0.093,338.654,1.07,0.204,0.143,0.025,0.017,0.249,54.97,1.13,0.222,0.049,0.028,-0.015,0.227,77.553,1.19,0.006,0.145,-0.026,0.01,0.145,2.37,0,0,0,0,0,0,0,0,0,0,0,0,0,0
15,7/12/2007 14:37,1MHz,HD,1.72,0.06,0.14,0.17,-0.018,0.083,-0.005,0.019,0.085,347.764,0.23,-0.039,0.054,0.021,0.06,0.067,324.162,0.29,0.019,0.129,0.034,0.001,0.13,8.379,0.35,0.01,0.072,0.034,0.028,0.073,7.907,0.41,-0.013,0.081,0.031,0.045,0.082,350.882,0.47,0.055,0.104,0.006,0.015,0.118,27.872,0.53,-0.01,0.098,0.035,0.086,0.099,354.174,0.59,-0.051,0.077,0.037,0.094,0.092,326.482,0.65,0.145,0.113,-0.003,0.016,0.184,52.07,0.71,0.078,-0.025,-0.056,0.072,0.082,107.771,0.77,0.037,0.133,0.033,0.07,0.138,15.546,0.83,0.058,0.137,-0.006,-0.004,0.149,22.946,0.89,0.077,0.115,0,0.016,0.138,33.805,0.95,0.057,0.101,-0.008,-0.036,0.116,29.438,1.01,-0.039,0.056,-0.033,-0.084,0.068,325.146,1.07,-0.026,0.116,-0.02,-0.059,0.119,347.367,1.13,0.088,0.092,0.016,-0.035,0.127,43.727,1.19,0.035,0.115,-0.005,-0.041,0.12,16.928,0,0,0,0,0,0,0,0,0,0,0,0,0,0
16,7/12/2007 14:37,1MHz,HD,1.72,0.06,0.14,0.17,0.067,-0.014,-0.033,0.057,0.068,101.802,0.23,0.11,0.052,-0.017,0.019,0.122,64.699,0.29,0.018,0.084,0.034,0.029,0.086,12.095,0.35,0.13,0.157,0.031,-0.032,0.204,39.626,0.41,0.124,0.111,0.009,-0.02,0.166,48.166,0.47,0.058,0.103,0.009,0.024,0.118,29.384,0.53,0.011,0.138,0.017,0.045,0.138,4.557,0.59,0.137,-0.001,-0.066,0.058,0.137,90.418,0.65,-0.047,0.148,0.042,0.045,0.155,342.382,0.71,0.07,-0.049,-0.056,0.067,0.085,124.992,0.77,0.031,0.119,0.024,0.029,0.123,14.601,0.83,0.072,0.109,-0.012,-0.016,0.131,33.447,0.89,0.074,0.121,-0.009,0.007,0.142,31.449,0.95,0.094,0.094,-0.013,0.022,0.133,45,1.01,0.035,0.049,-0.005,-0.036,0.06,35.538,1.07,0.074,0.062,0.005,0.003,0.097,50.042,1.13,0.057,0.083,-0.011,-0.004,0.101,34.479,1.19,0.052,0.057,-0.041,-0.032,0.077,42.374,0,0,0,0,0,0,0,0,0,0,0,0,0,0
17,7/12/2007 14:37,1MHz,HD,1.72,0.06,0.14,0.17,0.103,0.13,-0.003,-0.063,0.166,38.39,0.23,0.219,-0.004,-0.046,0.003,0.219,91.046,0.29,0.193,-0.042,-0.05,0.016,0.198,102.277,0.35,0.136,0.119,0.006,-0.023,0.181,48.814,0.41,0.1,0.122,0.011,0.001,0.158,39.341,0.47,0.069,0.097,0.013,0.022,0.119,35.426,0.53,-0.028,0.101,0.017,0.044,0.105,344.505,0.59,0.055,0.162,0.034,-0.007,0.171,18.753,0.65,0.108,0.03,-0.017,0.022,0.112,74.476,0.71,-0.046,0.042,0.027,0.113,0.062,312.397,0.77,-0.102,0.065,0.037,0.091,0.121,302.508,0.83,0.03,0.112,-0.01,-0.016,0.116,14.995,0.89,0.044,0.12,-0.004,0.014,0.128,20.136,0.95,-0.304,0.065,0.014,-0.001,0.311,282.069,1.01,0.146,0.088,0.003,0.001,0.17,58.921,1.07,0.08,0.107,-0.004,-0.044,0.134,36.784,1.13,0.036,-0.009,0.025,-0.02,0.037,104.036,1.19,0.044,-0.105,0.012,-0.092,0.114,157.264,0,0,0,0,0,0,0,0,0,0,0,0,0,0
18,7/12/2007 14:37,1MHz,HD,1.72,0.06,0.14,0.17,0.028,0.137,0.016,-0.059,0.14,11.551,0.23,-0.061,-0.058,0.01,0.1,0.084,226.444,0.29,-0.021,0.14,0.062,0.008,0.142,351.469,0.35,0.019,0.021,0.009,0.048,0.028,42.138,0.41,0.04,0.093,0.029,0.004,0.101,23.273,0.47,0.106,0.052,-0.006,-0.008,0.118,63.869,0.53,-0.028,0.078,0.028,0.059,0.083,340.253,0.59,0.085,0.069,0.002,0.021,0.109,50.932,0.65,0.105,0.123,0.013,-0.047,0.162,40.486,0.71,0.093,0.069,0.002,0.012,0.116,53.427,0.77,0.103,0.087,0.008,0.011,0.135,49.814,0.83,0.032,0.105,-0.022,-0.04,0.11,16.949,0.89,0.071,0.098,-0.009,-0.012,0.121,35.923,0.95,-0.224,0.008,0.025,0.029,0.224,272.045,1.01,0.013,-0.004,-0.053,0.03,0.014,107.103,1.07,0.065,0.083,0.011,-0.007,0.105,38.066,1.13,-0.172,0.068,0.029,0.057,0.185,291.571,1.19,0.072,0.088,-0.043,0.039,0.114,39.289,1.25,-0.191,0.093,0.019,0.094,0.212,295.962,0,0,0,0,0,0,0
19,7/12/2007 14:37,1MHz,HD,1.72,0.06,0.14,0.17,-0.081,0,-0.008,0.033,0.081,270,0.23,0.003,0.01,0.004,0.07,0.01,16.699,0.29,0.08,-0.028,-0.024,0.039,0.085,109.29,0.35,0.143,0.07,-0.01,-0.001,0.159,63.918,0.41,0.083,0.068,0.006,-0.004,0.107,50.673,0.47,-0.045,0.051,0.036,0.056,0.068,318.576,0.53,0.072,0.059,0.007,0.035,0.093,50.667,0.59,0.058,0.054,0.003,0.031,0.079,47.045,0.65,0.049,0.115,0.022,-0.004,0.125,23.078,0.71,0.104,0.146,-0.007,-0.038,0.179,35.463,0.77,0.069,0.09,-0.01,-0.018,0.113,37.476,0.83,0.051,0.111,-0.013,-0.018,0.122,24.677,0.89,0.063,0.128,-0.016,-0.031,0.143,26.206,0.95,0.031,0.139,-0.025,-0.027,0.142,12.572,1.01,0.03,0.128,-0.029,-0.042,0.131,13.191,1.07,0.078,0.084,-0.027,0.003,0.115,42.879,1.13,0.136,0.119,0.002,0.04,0.181,48.814,1.19,0.031,0.077,-0.031,0.013,0.083,21.93,0,0,0,0,0,0,0,0,0,0,0,0,0,0
20,7/12/2007 14:37,1MHz,HD,1.72,0.06,0.14,0.17,-0.063,-0.052,0.016,0.11,0.082,230.464,0.23,-0.069,0.004,0.037,0.088,0.069,273.318,0.29,0.087,0.059,0.009,-0.006,0.105,55.856,0.35,-0.102,0.081,0.061,0.058,0.13,308.454,0.41,0.086,0.077,0.005,-0.001,0.115,48.16,0.47,0.09,0.079,0.007,0.011,0.12,48.724,0.53,-0.002,0.153,0.048,0.001,0.153,359.251,0.59,0.073,0,-0.028,0.044,0.073,90,0.65,0.103,0.114,0.009,-0.007,0.154,42.098,0.71,0.212,0.006,-0.018,0.078,0.212,88.379,0.77,0.253,0.123,0.011,0.015,0.281,64.073,0.83,0.12,0.116,0.025,0.04,0.167,45.971,0.89,0.082,0.047,0.012,0.073,0.095,60.18,0.95,0.187,0.035,-0.018,0.116,0.19,79.399,1.01,0.088,0.081,-0.021,0.028,0.12,47.372,1.07,0.13,0.061,0.016,0.009,0.144,64.863,1.13,0.134,0.147,0.016,0.006,0.199,42.351,1.19,0.092,0.212,0.009,0.038,0.231,23.459,0,0,0,0,0,0,0,0,0,0,0,0,0,0
21,7/12/2007 14:37,1MHz,HD,1.71,0.06,0.14,0.17,-0.031,-0.017,0.003,0.059,0.035,241.26,0.23,0.002,0.038,0.027,0.044,0.038,3.013,0.29,-0.004,-0.003,0.009,0.056,0.005,233.13,0.35,-0.016,0.062,0.024,0.032,0.064,345.53,0.41,0.027,0.085,0.025,0.022,0.089,17.622,0.47,0.07,0.08,0.014,0.005,0.106,41.186,0.53,0.03,0.111,0.025,0.017,0.115,15.124,0.59,-0.09,-0.087,0.004,0.191,0.125,225.971,0.65,0.078,0.142,0.023,-0.01,0.162,28.78,0.71,0.08,0.083,0.001,0.031,0.115,43.946,0.77,0.053,0.084,-0.017,-0.001,0.099,32.25,0.83,-0.06,0.069,-0.039,-0.077,0.091,318.991,0.89,-0.011,0.089,-0.05,-0.09,0.09,352.954,0.95,-0.052,0.104,-0.036,-0.039,0.116,333.435,1.01,0.087,0.071,-0.001,-0.006,0.112,50.782,1.07,0.088,0.111,-0.016,0.005,0.142,38.407,1.13,0.149,-0.072,0.019,-0.077,0.165,115.791,1.19,0.108,-0.02,0.013,-0.056,0.11,100.491,0,0,0,0,0,0,0,0,0,0,0,0,0,0
22,7/12/2007 14:37,1MHz,HD,1.72,0.06,0.14,0.17,0.05,0.083,0.031,-0.008,0.097,31.065,0.23,0.114,0.111,0.018,-0.017,0.159,45.764,0.29,0.038,0.085,0.022,0.014,0.093,24.087,0.35,0.129,0.14,0.019,-0.067,0.19,42.658,0.41,0.11,0.1,0,-0.024,0.149,47.726,0.47,0.117,0.182,0.033,-0.07,0.216,32.735,0.53,0.138,0.062,-0.002,0.02,0.151,65.807,0.59,0.124,0.144,0.007,-0.033,0.19,40.732,0.65,-0.056,0.025,0.018,0.127,0.061,294.057,0.71,0.079,0.156,0.005,-0.003,0.175,26.858,0.77,0.061,0.118,-0.023,-0.032,0.133,27.337,0.83,0.001,0.104,-0.046,-0.042,0.104,0.551,0.89,0.002,0.126,-0.037,-0.086,0.126,0.909,0.95,0.059,0.125,-0.038,-0.034,0.138,25.267,1.01,0.112,0.111,-0.008,0.041,0.158,45.257,1.07,0.189,0.099,-0.01,0.042,0.213,62.354,1.13,0.056,-0.044,-0.014,-0.059,0.071,128.157,1.19,0.059,0.115,-0.021,-0.004,0.129,27.16,0,0,0,0,0,0,0,0,0,0,0,0,0,0
23,7/12/2007 14:37,1MHz,HD,1.72,0.06,0.14,0.17,-0.073,-0.049,0.018,0.099,0.088,236.129,0.23,-0.014,0.024,0.039,0.035,0.028,329.744,0.29,0.105,0.069,-0.001,-0.008,0.126,56.689,0.35,0.101,0.061,-0.004,-0.024,0.118,58.87,0.41,0.092,0.081,0.002,-0.015,0.123,48.638,0.47,0.194,0.059,-0.025,-0.022,0.203,73.084,0.53,0.115,0.067,-0.012,0.003,0.133,59.775,0.59,0.051,0.1,0.014,0.017,0.112,27.022,0.65,0.115,0.099,0.002,0.011,0.152,49.276,0.71,0.155,0.12,-0.001,-0.016,0.196,52.253,0.77,0.039,0.125,-0.046,-0.079,0.131,17.328,0.83,0.154,0.125,-0.008,0.026,0.198,50.934,0.89,0.092,0.093,0.024,0.097,0.131,44.69,0.95,-0.133,0.101,0.005,0.071,0.167,307.213,1.01,0.169,0.09,-0.02,-0.023,0.191,61.963,1.07,0.117,0.121,-0.014,-0.015,0.168,44.037,1.13,0.058,-0.087,0.001,-0.121,0.105,146.31,1.19,0.097,-0.028,0.028,-0.096,0.101,106.101,0,0,0,0,0,0,0,0,0,0,0,0,0,0
24,7/12/2007 14:37,1MHz,HD,1.72,0.06,0.14,0.17,-0.024,0.028,0.03,0.014,0.037,319.399,0.23,0.028,-0.022,0.003,0.03,0.036,128.157,0.29,-0.02,0.037,0.023,0.012,0.042,331.607,0.35,0.159,0.019,-0.033,-0.031,0.16,83.186,0.41,0.084,0.046,-0.013,-0.004,0.096,61.294,0.47,0.086,0.065,-0.009,0.015,0.108,52.918,0.53,0.097,0.074,-0.005,0.028,0.122,52.66,0.59,0.101,0.132,0.015,0.001,0.166,37.421,0.65,0.091,0.102,-0.005,-0.011,0.137,41.738,0.71,0.144,0.067,-0.006,0.035,0.159,65.048,0.77,0.162,0.093,-0.002,0.014,0.187,60.141,0.83,0.144,0.135,0.016,0.021,0.197,46.848,0.89,0.131,0.118,0.009,0.01,0.176,47.989,0.95,0.111,0.156,0.018,0.058,0.191,35.433,1.01,0.034,0.125,-0.006,0.015,0.13,15.216,1.07,0.092,0.117,-0.005,0.002,0.149,38.179,1.13,0.061,0.116,-0.005,-0.005,0.131,27.738,1.19,0.091,0.156,-0.003,0.008,0.181,30.256,0,0,0,0,0,0,0,0,0,0,0,0,0,0
25,7/12/2007 14:37,1MHz,HD,1.71,0.06,0.14,0.17,0.028,-0.032,0.017,-0.02,0.043,138.814,0.23,0.019,-0.029,0.008,0.023,0.035,146.768,0.29,0.025,-0.094,-0.03,0.07,0.097,165.107,0.35,0.032,0.043,-0.006,0.018,0.054,36.656,0.41,-0.056,0.062,0.023,0.055,0.084,317.911,0.47,0.087,0.096,0.001,-0.022,0.13,42.184,0.53,0.089,0.06,-0.007,-0.02,0.107,56.014,0.59,0.156,0.027,-0.035,-0.006,0.158,80.181,0.65,-0.027,0.065,0.037,0.072,0.07,337.443,0.71,0.069,0.032,-0.005,0.042,0.076,65.12,0.77,-0.03,0.089,-0.022,-0.049,0.094,341.372,0.83,0.088,0.111,-0.016,0.002,0.142,38.407,0.89,0.057,0.092,-0.03,-0.016,0.108,31.781,0.95,0.089,-0.127,0,-0.103,0.155,144.978,1.01,0.085,-0.003,0.021,-0.047,0.085,92.021,1.07,0.128,-0.099,0.024,-0.114,0.162,127.72,1.13,0.137,0.038,0.016,0,0.142,74.497,1.19,0.098,0.03,-0.023,0.013,0.102,72.979,0,0,0,0,0,0,0,0,0,0,0,0,0,0
26,7/12/2007 14:37,1MHz,HD,1.71,0.06,0.14,0.17,0.132,0.034,-0.005,-0.022,0.136,75.556,0.23,0.108,0.057,-0.007,-0.017,0.122,62.176,0.29,0.056,0.015,-0.002,0.025,0.058,75.005,0.35,0.021,0.061,0.009,0.013,0.065,18.997,0.41,0.051,0.053,-0.005,0.019,0.074,43.898,0.47,-0.009,0.042,0.017,0.059,0.043,347.905,0.53,0.052,0.092,0.027,0.03,0.106,29.476,0.59,0.041,-0.031,-0.034,0.058,0.051,127.093,0.65,0.011,-0.031,-0.021,0.103,0.033,160.463,0.71,0.185,0.115,0.015,0.016,0.218,58.134,0.77,0.023,0.071,-0.046,-0.099,0.075,17.949,0.83,0.133,0.094,0.002,0.008,0.163,54.749,0.89,0.135,0.104,0.008,-0.005,0.17,52.39,0.95,0.081,0.08,-0.026,0.031,0.114,45.356,1.01,-0.04,0.061,0.036,0.059,0.073,326.746,1.07,0.106,0.088,0.008,-0.007,0.138,50.301,1.13,0.121,0.008,-0.014,-0.061,0.121,86.217,1.19,0.177,0.14,0.032,0.029,0.226,51.657,0,0,0,0,0,0,0,0,0,0,0,0,0,0
27,7/12/2007 14:37,1MHz,HD,1.72,0.06,0.14,0.17,-0.041,-0.088,-0.049,0.018,0.097,204.981,0.23,0.035,-0.003,-0.01,0.048,0.035,94.899,0.29,-0.006,0.037,0.014,0.045,0.037,350.789,0.35,0.094,-0.033,-0.038,0.017,0.1,109.344,0.41,0.092,0.1,0.005,-0.05,0.136,42.614,0.47,-0.094,0.069,0.029,0.026,0.117,306.28,0.53,0.002,0.085,0,-0.003,0.085,1.348,0.59,0.012,0.12,0.013,-0.023,0.121,5.711,0.65,0.105,-0.039,-0.057,0.084,0.112,110.376,0.71,0.131,0.021,-0.023,0.04,0.133,80.893,0.77,-0.059,0.146,-0.017,-0.071,0.157,337.996,0.83,-0.078,0.093,-0.039,-0.09,0.121,320.013,0.89,-0.262,0.026,-0.011,0.009,0.263,275.667,0.95,-0.133,0.102,-0.024,-0.11,0.168,307.485,1.01,-0.187,0.104,-0.018,-0.072,0.214,299.081,1.07,-0.035,0.018,-0.066,-0.01,0.039,297.216,1.13,-0.147,0.026,0.006,0.054,0.149,280.03,1.19,-0.087,-0.065,-0.008,0.169,0.109,233.236,0,0,0,0,0,0,0,0,0,0,0,0,0,0
28,7/12/2007 14:37,1MHz,HD,1.71,0.06,0.14,0.17,0.16,-0.038,-0.047,0.058,0.164,103.36,0.23,0.151,0.006,-0.03,-0.027,0.151,87.725,0.29,0.031,0.069,0.001,0.001,0.076,24.193,0.35,-0.013,0.01,-0.006,0.039,0.016,307.569,0.41,0.042,0.129,0.006,-0.026,0.136,18.034,0.47,0.019,0.09,0.003,-0.022,0.092,11.921,0.53,-0.086,-0.002,-0.011,0.077,0.086,268.668,0.59,-0.08,0.116,0.018,0.032,0.141,325.408,0.65,0.113,0.119,-0.009,-0.025,0.164,43.519,0.71,0.189,0.129,0.015,0.022,0.229,55.685,0.77,0.189,0.061,-0.019,0.041,0.199,72.112,0.83,0.214,0.048,-0.022,0.031,0.219,77.358,0.89,0.223,0.158,0.015,0.011,0.273,54.682,0.95,0.181,0.131,0.019,-0.012,0.223,54.105,1.01,0.161,0.1,0.025,0.072,0.19,58.155,1.07,0.01,0.087,-0.026,-0.047,0.088,6.557,1.13,0.25,0.14,-0.008,0.061,0.287,60.751,1.19,0.111,0.076,-0.029,-0.035,0.135,55.601,0,0,0,0,0,0,0,0,0,0,0,0,0,0
29,7/12/2007 14:37,1MHz,HD,1.72,0.06,0.14,0.17,0.034,0.123,0.023,-0.033,0.128,15.452,0.23,0.007,0.103,0.041,-0.004,0.103,3.888,0.29,0.023,0.019,0.002,0.039,0.03,50.44,0.35,0.032,0.011,-0.02,0.044,0.034,71.03,0.41,0.037,0.057,-0.005,0.015,0.068,32.989,0.47,-0.049,0.079,0.027,0.042,0.093,328.191,0.53,0.168,0.015,-0.036,0.064,0.169,84.898,0.59,0.039,0.096,0.004,0.033,0.104,22.109,0.65,0.121,0.163,0.009,-0.037,0.203,36.588,0.71,0.085,0.099,-0.004,-0.034,0.13,40.649,0.77,0.11,0.122,-0.018,-0.026,0.164,42.039,0.83,0.173,0.141,0.005,0.01,0.223,50.819,0.89,0.163,0.051,-0.03,0.049,0.171,72.626,0.95,0.075,0.063,-0.013,0.005,0.098,49.97,1.01,-0.124,0.079,0.008,0.038,0.147,302.501,1.07,0.078,0.126,-0.024,0.024,0.148,31.759,1.13,0.091,-0.098,-0.026,-0.044,0.134,137.121,1.19,0.136,0.152,0.014,0.024,0.204,41.82,0,0,0,0,0,0,0,0,0,0,0,0,0,0
30,7/12/2007 14:37,1MHz,HD,1.72,0.06,0.14,0.17,0.104,0.123,0.017,-0.045,0.161,40.215,0.23,-0.005,0.148,0.049,-0.015,0.148,358.065,0.29,0.179,0.055,-0.027,-0.023,0.187,72.92,0.35,0.078,0.017,-0.024,0.009,0.08,77.705,0.41,0.08,0.106,0,-0.035,0.133,37.042,0.47,0.09,0.107,-0.005,0.004,0.14,40.068,0.53,0.026,0.016,-0.023,0.099,0.031,58.392,0.59,0.103,0.073,-0.024,0.037,0.126,54.673,0.65,0.019,0.211,0.045,-0.01,0.212,5.145,0.71,0.117,0.147,-0.009,-0.004,0.188,38.517,0.77,0.205,0.155,0.005,0.013,0.257,52.907,0.83,0.241,0.162,0.013,0.003,0.29,56.091,0.89,0.156,0.103,-0.013,0.035,0.187,56.565,0.95,0.087,0.083,0.003,0.036,0.12,46.348,1.01,0.118,0.11,-0.03,-0.014,0.161,47.01,1.07,0.124,-0.077,-0.002,-0.048,0.146,121.839,1.13,0.049,0.068,-0.048,0.003,0.084,35.776,1.19,-0.022,0.111,-0.023,-0.088,0.113,348.789,1.25,0.082,0.09,-0.02,-0.034,0.122,42.337,0,0,0,0,0,0,0
31,7/12/2007 14:37,1MHz,HD,1.72,0.06,0.14,0.17,0.086,0.086,-0.001,-0.01,0.122,45,0.23,-0.08,0.027,0.021,0.044,0.084,288.65,0.29,-0.039,0.043,0,0.023,0.058,317.793,0.35,0.021,0.015,0,0.026,0.026,54.462,0.41,0.035,0.049,-0.004,0.011,0.06,35.538,0.47,-0.038,-0.024,-0.017,0.1,0.045,237.724,0.53,-0.059,0.049,-0.009,0.097,0.077,309.71,0.59,0.154,0.152,-0.014,-0.021,0.216,45.374,0.65,-0.065,0.094,0.022,0.1,0.114,325.337,0.71,-0.078,0.092,0.037,0.09,0.121,319.708,0.77,-0.079,-0.094,-0.004,-0.169,0.123,220.045,0.83,0.118,0.118,0.008,0.034,0.167,45,0.89,-0.149,-0.115,0.069,-0.055,0.188,232.339,0.95,0.029,-0.293,-0.039,-0.031,0.294,174.348,1.01,0.047,0.101,-0.008,-0.02,0.111,24.955,1.07,0.116,0.126,0.012,-0.017,0.171,42.634,1.13,0.009,-0.242,-0.066,-0.063,0.242,177.87,1.19,0.091,-0.054,0.023,-0.107,0.106,120.685,0,0,0,0,0,0,0,0,0,0,0,0,0,0
32,7/12/2007 14:37,1MHz,HD,1.72,0.06,0.14,0.17,-0.045,0.144,0.058,0.006,0.151,342.646,0.23,0.148,0.119,-0.005,-0.084,0.19,51.199,0.29,0.027,-0.032,-0.037,0.052,0.042,139.844,0.35,0.069,0.104,-0.001,-0.052,0.125,33.563,0.41,0.087,0.106,-0.008,-0.019,0.137,39.378,0.47,-0.022,0.096,0.026,0.04,0.098,347.093,0.53,-0.117,0.147,0.048,0.067,0.188,321.483,0.59,0.136,0.105,-0.017,0.006,0.172,52.33,0.65,0.07,0.165,0.012,-0.026,0.179,22.989,0.71,0.113,0.01,-0.058,0.044,0.113,84.943,0.77,0.061,0.131,0.059,0.09,0.145,24.969,0.83,0.102,0.139,-0.006,-0.024,0.172,36.272,0.89,0.082,0.157,0.006,0.012,0.177,27.578,0.95,0.005,0.157,-0.006,0.047,0.157,1.824,1.01,0.115,0.147,-0.025,0,0.187,38.037,1.07,0.092,0.097,-0.005,-0.042,0.134,43.485,1.13,0.074,0.073,-0.02,-0.004,0.104,45.39,1.19,0.174,0.107,0.005,0.027,0.204,58.411,0,0,0,0,0,0,0,0,0,0,0,0,0,0
33,7/12/2007 14:37,1MHz,HD,1.72,0.06,0.14,0.17,-0.022,0.061,0.027,0.014,0.065,340.168,0.23,0.094,0.095,-0.002,-0.048,0.134,44.697,0.29,-0.001,0.117,0.013,0.011,0.117,359.51,0.35,0.064,0.114,0.007,-0.017,0.131,29.31,0.41,0.077,0.129,-0.003,-0.009,0.15,30.833,0.47,0.09,0.096,0.001,0.004,0.132,43.152,0.53,0.074,0.117,0.022,0.013,0.138,32.312,0.59,0.1,0.127,0.021,-0.042,0.162,38.217,0.65,0.112,-0.049,-0.046,0.065,0.122,113.629,0.71,0.033,0.065,-0.03,-0.033,0.073,26.917,0.77,0.138,0.134,-0.002,-0.04,0.192,45.843,0.83,0.037,0.134,-0.022,-0.005,0.139,15.436,0.89,0.063,0.098,-0.016,-0.021,0.117,32.735,0.95,0.152,0.104,-0.013,0.015,0.184,55.62,1.01,0.238,0.138,-0.004,0.035,0.275,59.893,1.07,0.153,0.117,0.01,0.005,0.193,52.595,1.13,0.097,0.033,-0.007,-0.048,0.102,71.211,1.19,0.129,0.08,0.003,-0.012,0.152,58.195,1.25,0.148,0.077,0.011,0.01,0.167,62.513,0,0,0,0,0,0,0
34,7/12/2007 14:37,1MHz,HD,1.72,0.06,0.14,0.17,0.164,-0.018,-0.047,-0.003,0.165,96.263,0.23,-0.01,0.041,0,0.03,0.042,346.293,0.29,0.027,-0.066,-0.041,0.065,0.071,157.751,0.35,0.076,0.086,0.006,-0.024,0.115,41.468,0.41,0.116,0.116,-0.008,-0.036,0.164,45,0.47,0.092,0.095,0.001,-0.012,0.132,44.081,0.53,-0.067,-0.079,-0.013,0.169,0.104,220.301,0.59,-0.128,-0.005,0.024,0.092,0.128,267.763,0.65,-0.048,0.094,0.039,0.022,0.106,332.949,0.71,-0.246,-0.137,-0.058,0.08,0.282,240.886,0.77,-0.29,0.035,-0.002,0.018,0.292,276.882,0.83,-0.125,0.057,0.017,0.064,0.137,294.513,0.89,0.052,-0.061,0.014,-0.137,0.08,139.554,0.95,0.095,-0.123,0.002,-0.088,0.155,142.319,1.01,0.125,0.085,-0.01,0.001,0.151,55.784,1.07,0.162,-0.114,-0.052,0.078,0.198,125.134,1.13,-0.056,0.097,-0.037,-0.099,0.112,330.001,1.19,-0.072,-0.12,-0.105,-0.003,0.14,210.964,1.25,-0.104,-0.1,-0.059,-0.01,0.144,226.123,0,0,0,0,0,0,0
35,7/12/2007 14:37,1MHz,HD,1.72,0.06,0.14,0.17,0.114,0.118,0.007,-0.043,0.164,44.012,0.23,-0.048,-0.066,-0.02,0.103,0.082,216.027,0.29,-0.075,0.012,0.02,0.056,0.076,279.09,0.35,-0.07,0.015,0.022,0.049,0.072,282.095,0.41,-0.018,0.031,0.008,0.038,0.036,329.859,0.47,0.048,0.04,-0.015,0.039,0.062,50.194,0.53,0.06,0.089,0.002,0.025,0.107,33.986,0.59,-0.093,0.073,0.056,0.089,0.118,308.13,0.65,0.109,0.114,0.002,0.009,0.158,43.716,0.71,0.041,0.033,-0.016,0.041,0.053,51.17,0.77,0.091,0.113,0.015,0.006,0.145,38.845,0.83,0.145,0.112,-0.008,-0.001,0.183,52.317,0.89,0.085,0.144,0.001,-0.008,0.167,30.552,0.95,0.108,0.112,0.002,0.002,0.156,43.958,1.01,-0.08,0.006,0.018,0.093,0.08,274.289,1.07,0.14,0.091,-0.005,-0.001,0.167,56.976,1.13,-0.019,0.076,-0.035,-0.078,0.078,345.964,1.19,0.17,0.033,0.019,-0.002,0.173,79.015,0,0,0,0,0,0,0,0,0,0,0,0,0,0
36,7/12/2007 14:37,1MHz,HD,1.72,0.06,0.14,0.17,0.003,-0.067,-0.012,0.016,0.067,177.436,0.23,-0.021,-0.045,-0.017,0.089,0.05,205.017,0.29,-0.073,-0.078,-0.009,0.114,0.107,223.103,0.35,0.028,0.043,0.003,0.027,0.051,33.071,0.41,0.137,0.029,-0.027,0.007,0.14,78.048,0.47,0.172,0.053,-0.029,-0.025,0.18,72.874,0.53,0.155,0.022,-0.038,-0.001,0.157,81.922,0.59,0.059,0.113,-0.001,0.001,0.127,27.57,0.65,-0.06,0.094,0.031,0.07,0.112,327.45,0.71,0.051,0.113,-0.002,0.016,0.124,24.291,0.77,0.109,0.118,-0.024,0.009,0.161,42.73,0.83,0.018,0.117,-0.024,-0.01,0.118,8.746,0.89,0.11,0.137,-0.005,-0.014,0.176,38.762,0.95,0.013,0.14,-0.01,0.003,0.141,5.305,1.01,-0.076,0.071,0.041,0.081,0.104,313.052,1.07,0.151,0.063,-0.005,-0.029,0.164,67.353,1.13,0.143,0.048,0.012,0.009,0.151,71.445,1.19,0.152,0.035,0.005,-0.037,0.156,77.033,1.25,0.182,-0.026,-0.022,0.035,0.184,98.13,0,0,0,0,0,0,0
37,7/12/2007 14:37,1MHz,HD,1.72,0.06,0.14,0.17,0.062,0.035,0.027,0.039,0.071,60.555,0.23,0.088,0.016,-0.007,0.008,0.089,79.695,0.29,0.009,0.051,0.003,0.043,0.052,10.008,0.35,0.038,0.063,0.005,0.036,0.074,31.097,0.41,0.094,0.074,-0.011,0.015,0.12,51.789,0.47,0.082,0.092,-0.006,-0.002,0.123,41.711,0.53,-0.012,0.114,0.045,0.029,0.115,353.991,0.59,0.001,-0.059,-0.024,0.114,0.059,179.029,0.65,0.097,0.031,-0.019,0.048,0.102,72.277,0.71,0.133,0.12,0.01,0.05,0.179,47.941,0.77,-0.038,0.147,0.042,0.056,0.152,345.506,0.83,0.016,0.105,-0.028,-0.039,0.106,8.664,0.89,0.171,0.123,0.009,0.039,0.211,54.273,0.95,0.152,0.062,-0.021,-0.012,0.164,67.81,1.01,0.036,0.082,-0.048,-0.071,0.09,23.703,1.07,-0.006,0.039,-0.023,-0.047,0.039,351.254,1.13,0.195,0.097,0.027,-0.052,0.218,63.553,1.19,0.129,0.012,-0.017,-0.033,0.13,84.685,1.25,0.037,0.006,-0.021,-0.141,0.037,80.789,1.31,-0.196,-0.006,0.043,-0.062,0.196,268.247
38,7/12/2007 14:37,1MHz,HD,1.72,0.06,0.14,0.17,0.116,0.013,-0.02,-0.033,0.117,83.606,0.23,-0.001,-0.04,0,0.082,0.04,181.432,0.29,-0.009,0.022,0.011,0.059,0.024,337.751,0.35,-0.067,0.037,0.025,0.084,0.077,298.909,0.41,0.143,0.104,-0.013,-0.022,0.177,53.973,0.47,0.12,0.116,-0.007,-0.029,0.167,45.971,0.53,0.122,0.119,-0.002,-0.031,0.17,45.713,0.59,0.078,0.101,0.009,0.023,0.128,37.678,0.65,0.098,-0.002,-0.029,0.071,0.098,91.169,0.71,0.061,0.104,-0.011,-0.01,0.121,30.393,0.77,-0.02,0.139,0.031,0.07,0.14,351.812,0.83,0.074,0.143,-0.013,-0.031,0.161,27.361,0.89,0.053,0.152,-0.001,-0.008,0.161,19.223,0.95,0.117,0.161,-0.003,0.06,0.199,36.006,1.01,-0.093,-0.033,-0.01,0.109,0.099,250.463,1.07,0.042,0.14,-0.007,-0.041,0.146,16.699,1.13,0.072,0.168,0.034,-0.021,0.183,23.199,1.19,-0.183,0.129,0.032,0.008,0.224,305.181,1.25,0.094,0.176,0.014,0.018,0.2,28.106,0,0,0,0,0,0,0
39,7/12/2007 14:37,1MHz,HD,1.72,0.06,0.14,0.17,0.027,-0.057,0,0.068,0.063,154.654,0.23,0.157,0.126,0.016,-0.053,0.201,51.251,0.29,0.162,0.11,-0.008,-0.014,0.196,55.823,0.35,0.164,0.098,-0.007,-0.039,0.191,59.139,0.41,0.081,0.082,-0.004,0.009,0.115,44.648,0.47,0.107,0.175,0.021,-0.051,0.205,31.443,0.53,0.097,0.053,-0.03,0.026,0.111,61.348,0.59,0.036,0.06,-0.01,0.036,0.07,30.964,0.65,0.123,0.148,0.001,-0.04,0.192,39.729,0.71,0.107,0.061,-0.05,-0.023,0.123,60.313,0.77,0.207,0.107,-0.005,0.019,0.233,62.665,0.83,0.185,0.155,0.012,-0.01,0.241,50.042,0.89,0.149,0.149,0.004,-0.016,0.211,45,0.95,0.074,0.118,-0.027,-0.019,0.139,32.093,1.01,0.017,0.068,-0.009,0.009,0.07,14.036,1.07,0.064,0.105,-0.001,0.025,0.123,31.363,1.13,0.19,0.051,-0.019,-0.011,0.197,74.975,1.19,0.08,0.146,0.02,-0.046,0.166,28.72,1.25,0.12,0.182,0.008,-0.008,0.218,33.398,0,0,0,0,0,0,0
40,7/12/2007 14:37,1MHz,HD,1.72,0.06,0.14,0.17,0.189,0.033,-0.028,-0.049,0.192,80.096,0.23,0.005,-0.02,0,0.058,0.021,165.964,0.29,0.017,0.067,0.021,0.042,0.069,14.237,0.35,0.076,0.061,-0.005,0.021,0.097,51.248,0.41,0.077,0.081,0.013,0,0.112,43.55,0.47,0.07,0.104,0.014,-0.007,0.125,33.944,0.53,0.02,0.057,0.006,0.048,0.06,19.335,0.59,0.149,0.02,-0.061,-0.016,0.15,82.355,0.65,0.029,0.085,0.017,0.038,0.09,18.838,0.71,0.145,0.091,-0.047,-0.071,0.171,57.888,0.77,0.139,0.099,0.021,0.042,0.171,54.54,0.83,0.069,0.158,0.015,-0.057,0.172,23.591,0.89,-0.01,0.149,0.02,-0.014,0.149,356.16,0.95,0.17,0.119,0.024,0.058,0.208,55.008,1.01,0.156,0.087,-0.006,-0.027,0.179,60.852,1.07,0.049,0.101,-0.008,0.003,0.112,25.88,1.13,0.098,0.142,-0.015,-0.036,0.173,34.611,1.19,0.201,0.014,0.054,-0.055,0.201,86.016,0,0,0,0,0,0,0,0,0,0,0,0,0,0
41,7/12/2007 14:37,1MHz,HD,1.71,0.06,0.14,0.17,-0.054,0.027,0.047,0.1,0.06,296.565,0.23,0.051,0.08,0.021,0.021,0.095,32.518,0.29,-0.035,0.07,0.036,0.069,0.078,333.435,0.35,0.005,0.104,0.032,0.034,0.104,2.752,0.41,0.078,0.074,-0.002,0.01,0.108,46.507,0.47,0.084,0.105,-0.001,0.01,0.134,38.66,0.53,0.023,0.042,0.004,0.06,0.048,28.706,0.59,-0.071,0.021,-0.001,0.071,0.074,286.477,0.65,-0.007,0.068,0.006,0.028,0.068,354.123,0.71,0.099,0.148,0.033,-0.032,0.178,33.779,0.77,0.114,0.09,0.018,0.025,0.145,51.71,0.83,0.167,0.105,0.023,0.017,0.197,57.841,0.89,0.039,0.091,0.049,0.085,0.099,23.199,0.95,0.091,0.157,0.027,-0.038,0.181,30.097,1.01,0.067,0.063,-0.001,-0.037,0.092,46.762,1.07,0.041,0.086,-0.03,-0.085,0.095,25.489,1.13,-0.202,0.099,0.017,-0.032,0.225,296.109,1.19,-0.001,0.107,0.005,-0.068,0.107,359.465,0,0,0,0,0,0,0,0,0,0,0,0,0,0
42,7/12/2007 14:37,1MHz,HD,1.72,0.06,0.14,0.17,0.041,0.049,-0.03,-0.043,0.064,39.92,0.23,0.09,0.044,-0.015,-0.048,0.1,63.947,0.29,-0.037,0.042,0.018,0.052,0.056,318.621,0.35,-0.055,0.004,0.009,0.096,0.055,274.16,0.41,0.059,0.071,-0.006,0.016,0.092,39.726,0.47,0.052,0.085,0.005,0.018,0.1,31.457,0.53,0.111,0.088,-0.011,0.005,0.142,51.593,0.59,0.085,0.062,-0.031,0,0.105,53.893,0.65,-0.071,0.087,0.03,0.098,0.112,320.782,0.71,0.134,0.121,-0.014,-0.032,0.181,47.918,0.77,0.029,0.094,0.037,0.043,0.098,17.146,0.83,0.178,0.105,0.013,0.046,0.207,59.464,0.89,0.13,0.105,0.013,0.017,0.167,51.072,0.95,0.018,0.116,-0.017,-0.021,0.117,8.82,1.01,0.007,0.12,-0.04,-0.006,0.12,3.338,1.07,0.169,0.105,0.014,0.056,0.199,58.147,1.13,0.054,0.088,-0.015,-0.03,0.103,31.535,1.19,0.172,0.139,-0.008,-0.008,0.221,51.057,0,0,0,0,0,0,0,0,0,0,0,0,0,0
43,7/12/2007 14:37,1MHz,HD,1.72,0.06,0.14,0.17,-0.052,-0.023,-0.058,-0.053,0.057,246.14,0.23,0.126,0.028,-0.033,-0.008,0.129,77.471,0.29,0.096,0.086,-0.011,-0.031,0.129,48.145,0.35,0.047,0.143,0.029,-0.021,0.151,18.194,0.41,0.029,0.087,0.011,0.037,0.092,18.435,0.47,0.03,0.084,0.016,0.027,0.089,19.654,0.53,0.026,0.018,-0.011,0.081,0.032,55.305,0.59,-0.065,0.034,-0.021,0.024,0.073,297.613,0.65,0.037,0.054,0,0.064,0.065,34.418,0.71,0.128,0.072,-0.016,0.012,0.147,60.642,0.77,0.089,0.093,-0.038,-0.027,0.129,43.741,0.83,0.047,0.11,-0.003,-0.013,0.12,23.136,0.89,0.045,0.073,0.035,0.1,0.086,31.651,0.95,0.108,0.094,-0.007,0.003,0.143,48.965,1.01,0.117,0.122,-0.002,0.02,0.169,43.802,1.07,0.138,0.107,-0.013,0.036,0.175,52.211,1.13,0.174,0.077,-0.015,-0.031,0.19,66.129,0,0,0,0,0,0,0,0,0,0,0,0,0,0,0,0,0,0,0,0,0
44,7/12/2007 14:37,1MHz,HD,1.72,0.06,0.14,0.17,-0.152,-0.039,-0.009,0.04,0.157,255.61,0.23,0.037,0.028,-0.006,-0.016,0.046,52.883,0.29,0.047,0.141,0.008,-0.013,0.149,18.435,0.35,0.015,0.116,0.014,0.014,0.117,7.368,0.41,-0.011,0.096,0.022,0.027,0.097,353.463,0.47,0.073,0.098,-0.002,-0.004,0.122,36.682,0.53,-0.011,0.083,0.016,0.046,0.084,352.451,0.59,0.137,-0.056,-0.067,0.056,0.148,112.233,0.65,0.093,0.154,0.01,-0.026,0.18,31.128,0.71,0.003,0.133,0.048,0.07,0.133,1.292,0.77,0.096,0.088,-0.002,0.02,0.13,47.49,0.83,0.11,0.087,-0.012,0.012,0.14,51.659,0.89,0.039,0.083,-0.002,0.011,0.092,25.168,0.95,-0.085,0.068,0.049,0.132,0.109,308.66,1.01,-0.192,0.069,0.022,0.04,0.204,289.767,1.07,0.005,0.117,-0.031,-0.029,0.117,2.447,1.13,0.007,0.118,-0.012,-0.05,0.118,3.395,1.19,0.143,-0.068,0.014,-0.056,0.158,115.432,0,0,0,0,0,0,0,0,0,0,0,0,0,0
45,7/12/2007 14:37,1MHz,HD,1.71,0.06,0.14,0.17,0.078,0.039,0.009,0.025,0.087,63.435,0.23,0.163,0.054,-0.01,-0.078,0.172,71.671,0.29,0.162,0.063,-0.022,-0.04,0.174,68.749,0.35,0.083,0.06,-0.012,0.014,0.102,54.137,0.41,0.014,0.086,0.01,0.041,0.087,9.246,0.47,0.032,0.082,0.006,0.04,0.088,21.318,0.53,-0.057,0.052,0.02,0.078,0.077,312.374,0.59,-0.027,0.063,0.005,0.029,0.069,336.801,0.65,0.052,0.155,0.018,-0.037,0.163,18.546,0.71,-0.003,0.088,-0.03,-0.042,0.088,358.047,0.77,0.165,0.117,-0.006,-0.01,0.202,54.66,0.83,0.077,0.087,-0.002,-0.032,0.116,41.511,0.89,0.064,0.094,0.002,-0.025,0.114,34.249,0.95,-0.046,0.087,-0.047,-0.049,0.098,332.133,1.01,0.021,0.061,0.007,0.024,0.065,18.997,1.07,0.114,0.036,-0.001,-0.03,0.12,72.474,1.13,0.03,0.036,0.01,-0.046,0.047,39.806,1.19,0.154,0.167,-0.008,0.005,0.227,42.681,0,0,0,0,0,0,0,0,0,0,0,0,0,0
46,7/12/2007 14:37,1MHz,HD,1.71,0.06,0.14,0.17,0.275,0.135,-0.004,-0.049,0.306,63.853,0.23,0.181,0.179,-0.021,-0.042,0.255,45.318,0.29,0.174,0.15,-0.019,-0.04,0.23,49.236,0.35,0.153,0.101,-0.022,-0.037,0.183,56.57,0.41,-0.008,0.115,0.031,0.042,0.115,356.021,0.47,0.001,0.098,0.021,0.029,0.098,0.585,0.53,-0.096,0.137,0.055,0.041,0.167,324.98,0.59,-0.109,0.101,0.044,0.067,0.149,312.818,0.65,-0.04,0.057,0.01,0.044,0.07,324.941,0.71,0.129,-0.011,-0.049,0.024,0.129,94.874,0.77,-0.032,0.053,-0.001,-0.022,0.062,328.878,0.83,-0.008,0.077,-0.023,-0.065,0.077,354.068,0.89,0.163,0.097,0.03,0.034,0.19,59.243,0.95,0.016,0.078,-0.025,-0.072,0.08,11.592,1.01,0.173,0.025,-0.003,0.002,0.175,81.777,1.07,0.078,-0.012,0.013,-0.016,0.079,98.746,1.13,0.06,0.045,-0.025,-0.021,0.075,53.13,1.19,0.085,0.034,-0.011,-0.035,0.092,68.199,0,0,0,0,0,0,0,0,0,0,0,0,0,0
47,7/12/2007 14:37,1MHz,HD,1.71,0.06,0.14,0.17,-0.011,0.04,0.013,0.054,0.041,344.624,0.23,0.129,0.064,-0.012,-0.049,0.144,63.613,0.29,-0.07,0.067,0.025,0.042,0.097,313.746,0.35,-0.03,0.17,0.053,0.012,0.173,349.992,0.41,0.095,0.083,-0.015,0.009,0.126,48.857,0.47,0.102,0.128,-0.01,-0.014,0.164,38.55,0.53,0.116,0.1,-0.012,-0.004,0.153,49.236,0.59,0.139,0.15,-0.005,-0.051,0.205,42.82,0.65,0.133,0.062,-0.046,-0.013,0.147,65.007,0.71,0.028,0.186,0.031,-0.033,0.188,8.561,0.77,0.03,0.102,-0.01,-0.031,0.106,16.39,0.83,-0.026,0.078,-0.029,-0.049,0.082,341.565,0.89,0.162,0.07,0.006,0.006,0.176,66.631,0.95,-0.117,0.021,-0.003,0.01,0.119,280.176,1.01,0.041,0.054,-0.033,-0.051,0.068,37.208,1.07,0.045,0.159,-0.014,-0.048,0.165,15.803,1.13,0.17,0.081,0.015,0.021,0.188,64.524,1.19,0.088,0.02,0.01,-0.016,0.09,77.196,0,0,0,0,0,0,0,0,0,0,0,0,0,0
48,7/12/2007 14:37,1MHz,HD,1.75,0.06,0.14,0.17,0.033,-0.009,-0.026,0.092,0.034,105.255,0.23,0.073,0.098,0.001,0.001,0.122,36.682,0.29,0.082,0.115,0.017,0.007,0.141,35.491,0.35,0.04,0.128,0.016,0.021,0.134,17.354,0.41,0.102,0.164,0.004,-0.031,0.193,31.88,0.47,0.02,0.113,0.017,0.032,0.115,10.037,0.53,0.089,0.067,-0.018,0.025,0.111,53.027,0.59,0.011,0.083,0.009,0.06,0.084,7.549,0.65,0.042,-0.003,-0.035,0.094,0.042,94.086,0.71,0.111,-0.013,-0.061,0.057,0.112,96.68,0.77,-0.254,-0.029,-0.043,0.055,0.256,263.487,0.83,0.082,-0.037,-0.067,0.034,0.09,114.286,0.89,-0.136,0.074,0.034,0.04,0.155,298.551,0.95,0.127,0.063,0,0.02,0.142,63.616,1.01,0.144,-0.079,0.03,-0.067,0.164,118.75,1.07,0.143,0.114,-0.006,0.004,0.183,51.438,1.13,0.109,-0.003,0.004,-0.023,0.109,91.577,1.19,0.112,-0.041,0.023,-0.082,0.119,110.106,0,0,0,0,0,0,0,0,0,0,0,0,0,0
49,7/12/2007 14:37,1MHz,HD,1.75,0.06,0.14,0.17,-0.11,0.085,-0.049,-0.039,0.139,307.694,0.23,-0.257,0.282,0.008,-0.014,0.382,317.656,0.29,-0.201,0.198,-0.02,0.076,0.282,314.569,0.35,-0.157,0.125,-0.049,-0.051,0.201,308.526,0.41,-0.271,0.13,-0.094,-0.052,0.301,295.627,0.47,-0.329,0.128,-0.06,0.067,0.353,291.259,0.53,-0.12,0.182,-0.067,-0.005,0.218,326.602,0.59,-0.256,-0.02,-0.022,-0.092,0.257,265.533,0.65,-0.275,-0.032,-0.014,-0.073,0.277,263.363,0.71,-0.143,-0.051,-0.025,-0.059,0.152,250.372,0.77,-0.168,0.021,-0.041,-0.098,0.169,277.125,0.83,-0.107,0.032,-0.055,-0.042,0.112,286.65,0.89,-0.138,0.049,-0.063,-0.066,0.146,289.549,0.95,-0.215,-0.042,0.026,0.084,0.219,258.947,1.01,-0.123,0.128,-0.08,0,0.178,316.141,1.07,-0.204,0.111,-0.076,-0.095,0.232,298.551,1.13,-0.03,0.14,-0.041,0.006,0.143,347.905,1.19,-0.138,0.097,-0.038,-0.091,0.169,305.103,0,0,0,0,0,0,0,0,0,0,0,0,0,0
50,7/12/2007 14:37,1MHz,HD,1.66,0.06,0.14,0.17,-0.202,0.115,-0.031,0.027,0.232,299.653,0.23,-0.116,0.172,-0.046,-0.001,0.207,326.004,0.29,-0.123,0.142,-0.048,0.006,0.188,319.101,0.35,-0.154,0.154,-0.037,0.015,0.218,315,0.41,-0.174,0.219,-0.02,-0.022,0.28,321.532,0.47,-0.148,0.116,-0.058,0.03,0.188,308.089,0.53,-0.168,0.203,-0.025,0.009,0.264,320.389,0.59,-0.16,0.173,-0.042,0.004,0.236,317.236,0.65,-0.175,0.114,-0.053,-0.002,0.209,303.081,0.71,-0.19,0.161,-0.058,-0.012,0.249,310.277,0.77,-0.176,0.18,-0.042,-0.001,0.252,315.644,0.83,-0.153,0.162,-0.044,0.004,0.223,316.637,0.89,-0.221,0.192,-0.054,-0.015,0.293,310.983,0.95,-0.193,0.131,-0.032,0.012,0.233,304.167,1.01,-0.226,0.162,-0.046,-0.011,0.278,305.633,1.07,-0.2,0.136,-0.048,-0.063,0.242,304.216,1.13,-0.333,0.136,-0.051,-0.12,0.36,292.216,1.19,-0.185,-0.167,-0.048,0.003,0.249,227.927,0,0,0,0,0,0,0,0,0,0,0,0,0,0
51,7/12/2007 14:37,1MHz,HD,1.66,0.06,0.14,0.17,-0.354,0.125,0.003,0.093,0.375,289.448,0.23,-0.153,0.101,-0.052,0.011,0.183,303.43,0.29,-0.202,0.166,-0.023,0.004,0.261,309.413,0.35,-0.201,0.134,-0.032,0.015,0.242,303.69,0.41,-0.124,0.198,-0.038,-0.038,0.234,327.943,0.47,-0.153,0.149,-0.045,0.002,0.214,314.241,0.53,-0.179,0.169,-0.04,0.022,0.246,313.354,0.59,-0.09,-0.043,0.001,-0.084,0.1,244.463,0.65,-0.12,-0.027,-0.007,-0.085,0.123,257.32,0.71,-0.19,-0.05,-0.023,-0.111,0.196,255.256,0.77,-0.358,-0.083,0.039,0.009,0.367,256.947,0.83,-0.346,-0.115,0.039,0.011,0.365,251.615,0.89,-0.322,-0.096,0.041,0.021,0.336,253.399,0.95,-0.532,0.109,-0.028,0.006,0.543,281.579,1.01,-0.475,-0.056,0.02,-0.03,0.478,263.276,1.07,-0.277,-0.011,-0.053,-0.106,0.277,267.726,1.13,-0.149,0.006,-0.035,-0.034,0.149,272.306,1.19,-0.36,-0.089,0.043,0.017,0.371,256.114,1.25,-0.192,-0.06,-0.017,-0.117,0.201,252.646,0,0,0,0,0,0,0
52,7/12/2007 14:37,1MHz,HD,1.66,0.06,0.14,0.17,-0.274,0.108,-0.04,0.052,0.295,291.512,0.23,-0.265,0.081,-0.028,0.074,0.277,286.996,0.29,-0.104,0.216,-0.007,-0.056,0.24,334.29,0.35,-0.309,0.135,0.004,0.073,0.337,293.6,0.41,-0.155,0.274,-0.009,-0.052,0.315,330.503,0.47,-0.125,0.101,-0.074,0.026,0.161,308.938,0.53,-0.211,0.172,-0.026,0.028,0.272,309.186,0.59,-0.199,0.197,-0.015,-0.006,0.28,314.711,0.65,-0.144,0.229,-0.028,-0.031,0.271,327.837,0.71,-0.176,0.204,-0.039,0.006,0.269,319.214,0.77,-0.126,0.183,-0.033,0.05,0.222,325.452,0.83,-0.114,0.158,-0.049,0.005,0.195,324.189,0.89,-0.082,0.108,-0.034,0.03,0.136,322.792,0.95,-0.194,0.119,-0.067,-0.007,0.228,301.525,1.01,-0.226,0.121,-0.031,0.014,0.256,298.165,1.07,-0.371,0.049,-0.01,-0.019,0.374,277.524,1.13,-0.293,0.187,-0.045,-0.018,0.348,302.547,1.19,-0.3,-0.04,-0.019,-0.127,0.303,262.405,1.25,-0.159,0.156,-0.034,0.015,0.223,314.454,0,0,0,0,0,0,0
53,7/12/2007 14:37,1MHz,HD,1.65,0.06,0.14,0.17,-0.239,0.096,-0.024,0.07,0.258,291.884,0.23,-0.129,0.141,-0.041,0.005,0.191,317.545,0.29,-0.355,0.14,0.014,0.092,0.382,291.523,0.35,-0.131,0,-0.084,0.072,0.131,270,0.41,-0.141,0.184,-0.017,-0.005,0.232,322.537,0.47,-0.178,0.185,-0.006,-0.004,0.257,316.105,0.53,-0.17,0.174,-0.022,-0.005,0.243,315.666,0.59,-0.198,0.163,-0.026,0.012,0.256,309.462,0.65,-0.201,0.12,-0.023,0.047,0.234,300.838,0.71,-0.192,0.129,-0.017,0.057,0.231,303.896,0.77,-0.17,0.187,-0.021,-0.005,0.253,317.726,0.83,-0.515,0.123,-0.017,0.004,0.529,283.433,0.89,-0.291,0.114,-0.057,-0.106,0.313,291.393,0.95,-0.234,0.177,-0.039,-0.054,0.293,307.104,1.01,-0.206,0.191,-0.034,-0.084,0.281,312.836,1.07,-0.119,-0.015,0.002,-0.085,0.12,262.816,1.13,-0.212,0.14,-0.043,-0.028,0.254,303.44,1.19,-0.267,0.165,-0.026,-0.02,0.314,301.715,0,0,0,0,0,0,0,0,0,0,0,0,0,0
54,7/12/2007 14:37,1MHz,HD,1.63,0.06,0.14,0.17,0.071,0.027,-0.008,0.037,0.076,69.179,0.23,0.106,0.009,-0.027,0.049,0.106,85.147,0.29,0.161,0.102,-0.004,-0.051,0.191,57.644,0.35,0.156,0.102,-0.01,-0.04,0.186,56.821,0.41,0.1,0.095,-0.001,0.004,0.138,46.469,0.47,0.083,0.141,0.017,-0.023,0.164,30.483,0.53,0.1,0.088,-0.003,0.01,0.133,48.652,0.59,-0.037,0.067,0.031,0.08,0.077,331.091,0.65,0.052,0.104,0.025,0.025,0.116,26.565,0.71,0.083,0.098,-0.02,-0.053,0.128,40.263,0.77,0.086,0.096,0.012,-0.016,0.129,41.855,0.83,0.162,0.084,0.013,-0.029,0.182,62.592,0.89,0.146,0.103,0.005,-0.012,0.179,54.798,0.95,0.04,0.024,-0.012,-0.056,0.047,59.036,1.01,0.145,0.064,0.005,-0.005,0.158,66.184,1.07,0.109,0.042,-0.001,-0.047,0.117,68.927,1.13,0.047,0.097,0.006,-0.034,0.108,25.852,1.19,0.121,0.046,-0.003,0.02,0.129,69.185,1.25,0.073,0.11,0,0.034,0.132,33.57,0,0,0,0,0,0,0
55,7/12/2007 14:37,1MHz,HD,1.68,0.06,0.14,0.17,0.107,0.18,0.024,-0.065,0.209,30.729,0.23,0.058,0.108,0.011,0,0.123,28.237,0.29,-0.036,0.15,0.047,0.011,0.154,346.504,0.35,0.017,0.122,0.025,0.007,0.123,7.933,0.41,-0.024,0.103,0.024,0.026,0.106,346.884,0.47,0.008,0.134,0.036,0.019,0.134,3.417,0.53,0.071,0.126,0.016,0.009,0.145,29.401,0.59,0.037,0.122,0.013,0.006,0.127,16.871,0.65,-0.022,0.136,0.013,-0.044,0.138,350.811,0.71,0.016,0.095,0.012,-0.04,0.096,9.56,0.77,0.102,0.102,0.028,-0.001,0.144,45,0.83,0.014,0.047,0.01,-0.023,0.049,16.587,0.89,0.065,0.074,0.058,0.067,0.098,41.295,0.95,0.032,0.115,0.033,-0.037,0.119,15.55,1.01,-0.085,0.15,0.005,-0.066,0.172,330.461,1.07,0.006,0.141,0.032,-0.006,0.141,2.437,1.13,0.009,0.097,0.018,-0.014,0.097,5.301,1.19,-0.021,0.13,0.033,-0.011,0.132,350.824,0,0,0,0,0,0,0,0,0,0,0,0,0,0
56,7/12/2007 14:37,1MHz,HD,1.63,0.06,0.14,0.17,0.16,-0.002,-0.058,-0.005,0.16,90.716,0.23,0.177,0.043,-0.045,-0.023,0.182,76.345,0.29,0.014,0.034,-0.004,0.073,0.037,22.38,0.35,0.125,0.042,-0.038,0.022,0.132,71.428,0.41,0.139,0.055,-0.039,-0.004,0.149,68.412,0.47,0.161,0.061,-0.042,-0.006,0.172,69.249,0.53,0.131,0.093,-0.022,-0.004,0.161,54.628,0.59,-0.008,0.099,0.024,0.051,0.099,355.38,0.65,0.175,0.071,-0.025,-0.021,0.189,67.917,0.71,0.11,0.067,-0.053,-0.071,0.129,58.655,0.77,0.002,0.022,-0.052,-0.057,0.022,5.194,0.83,0.143,0.082,-0.032,-0.026,0.165,60.169,0.89,0.194,0.058,-0.012,0.001,0.202,73.355,0.95,0.107,0.06,-0.034,-0.044,0.123,60.719,1.01,0.049,-0.119,-0.03,-0.11,0.129,157.62,1.07,0.232,0.047,-0.017,0.06,0.237,78.548,1.13,0.208,-0.21,-0.033,0.038,0.296,135.274,1.19,0.199,-0.071,0.012,-0.06,0.211,109.636,0,0,0,0,0,0,0,0,0,0,0,0,0,0
57,7/12/2007 14:37,1MHz,HD,1.63,0.06,0.14,0.17,0.008,0.065,-0.002,0.019,0.065,7.017,0.23,0.184,0.016,-0.051,-0.09,0.185,85.03,0.29,0.241,-0.008,-0.06,0.005,0.241,91.901,0.35,0.082,0.033,-0.029,0.047,0.088,68.078,0.41,0.14,0.092,-0.011,-0.025,0.168,56.689,0.47,0.146,0.053,-0.037,-0.004,0.155,70.048,0.53,0.081,0.069,-0.013,0.03,0.106,49.574,0.59,0.149,0.058,-0.035,-0.032,0.16,68.731,0.65,0.162,-0.086,-0.079,0.054,0.183,117.962,0.71,0.149,0.095,-0.011,-0.031,0.177,57.479,0.77,0.101,0.074,-0.011,-0.003,0.125,53.771,0.83,0.168,0.022,-0.032,-0.018,0.169,82.539,0.89,-0.007,0.021,-0.071,-0.098,0.022,341.565,0.95,-0.092,-0.033,0.002,0.034,0.098,250.267,1.01,-0.201,-0.019,-0.02,-0.009,0.202,264.6,1.07,-0.203,-0.033,0.004,-0.035,0.206,260.767,1.13,0.116,0.056,-0.01,0.003,0.129,64.231,1.19,0.192,0.037,-0.015,0.018,0.196,79.092,0,0,0,0,0,0,0,0,0,0,0,0,0,0
58,7/12/2007 14:37,1MHz,HD,1.63,0.06,0.14,0.17,0.174,0.08,-0.037,-0.042,0.192,65.308,0.23,0.177,-0.044,-0.064,0.051,0.182,103.96,0.29,-0.013,-0.044,-0.026,0.127,0.046,196.46,0.35,0.025,-0.011,-0.032,0.069,0.027,113.749,0.41,0.052,0.067,-0.018,0.042,0.085,37.816,0.47,-0.043,0.046,0.002,0.089,0.063,316.931,0.53,0.076,0.09,-0.013,0.039,0.118,40.179,0.59,0.176,0.075,-0.037,-0.02,0.191,66.919,0.65,0.146,0.071,-0.036,-0.01,0.162,64.066,0.71,0.023,0.055,-0.02,-0.017,0.06,22.694,0.77,0.187,0.006,-0.008,0.025,0.187,88.162,0.83,0.112,-0.004,-0.041,-0.075,0.112,92.045,0.89,0.082,0.036,-0.02,-0.072,0.09,66.297,0.95,-0.118,0.016,-0.01,-0.002,0.119,277.722,1.01,0.244,0.05,0.002,0.028,0.249,78.419,1.07,0.219,0.005,-0.016,0.026,0.219,88.692,1.13,0.082,0.001,-0.019,0.005,0.082,89.301,1.19,0.094,0.028,-0.057,-0.06,0.098,73.413,0,0,0,0,0,0,0,0,0,0,0,0,0,0
59,7/12/2007 14:37,1MHz,HD,1.63,0.06,0.14,0.17,0.211,0,-0.074,-0.011,0.211,90,0.23,0.188,0.116,-0.009,-0.042,0.221,58.325,0.29,0.205,0.004,-0.067,0,0.205,88.882,0.35,0.138,-0.089,-0.103,0.055,0.164,122.819,0.41,0.178,-0.082,-0.105,0.057,0.196,114.734,0.47,0.209,0.08,-0.038,-0.06,0.224,69.054,0.53,0.137,0.082,-0.027,0.008,0.16,59.098,0.59,0.089,0.071,0.002,0.045,0.114,51.419,0.65,0.11,0.064,-0.029,0.004,0.127,59.808,0.71,0.063,0.012,-0.032,0.046,0.064,79.216,0.77,0.171,-0.017,-0.031,0.022,0.172,95.677,0.83,0.262,-0.011,-0.026,-0.018,0.262,92.404,0.89,0.258,-0.042,-0.012,0.075,0.261,99.246,0.95,0.125,-0.004,-0.027,-0.018,0.125,91.833,1.01,-0.032,0.021,-0.016,0.01,0.038,303.275,1.07,-0.01,0.037,-0.033,-0.012,0.038,344.876,1.13,0.266,0.06,0.004,0.07,0.273,77.289,1.19,0.118,0.052,-0.024,0.049,0.129,66.218,0,0,0,0,0,0,0,0,0,0,0,0,0,0
60,7/12/2007 14:37,1MHz,HD,1.62,0.06,0.14,0.17,0.041,0.202,0.054,-0.058,0.206,11.473,0.23,0.05,0.081,0.009,0.005,0.095,31.686,0.29,0.129,-0.009,-0.055,0.059,0.129,93.991,0.35,0.156,0.039,-0.038,-0.002,0.161,75.964,0.41,0.167,0.059,-0.02,-0.016,0.177,70.542,0.47,0.088,0.09,-0.001,0.02,0.126,44.356,0.53,0.157,0.041,-0.028,-0.01,0.162,75.364,0.59,0.096,0.049,-0.027,0.005,0.108,62.959,0.65,0.171,0.032,-0.039,0,0.174,79.401,0.71,0.086,0.058,-0.022,0.03,0.104,56.004,0.77,0.132,0.01,-0.027,0.023,0.132,85.668,0.83,0.167,-0.005,-0.001,0.043,0.167,91.715,0.89,-0.094,-0.011,-0.026,-0.06,0.095,263.326,0.95,0.101,0.036,-0.013,-0.033,0.107,70.382,1.01,0.117,0.014,-0.03,-0.04,0.118,83.177,1.07,0.274,0.039,-0.035,-0.027,0.277,81.899,1.13,0.26,0.015,-0.019,-0.016,0.26,86.698,1.19,0.147,0.169,-0.059,0,0.224,41.017,0,0,0,0,0,0,0,0,0,0,0,0,0,0
61,7/12/2007 14:37,1MHz,HD,1.62,0.06,0.14,0.17,0.244,0.082,-0.058,-0.07,0.257,71.424,0.23,0.141,0.013,-0.035,-0.005,0.142,84.732,0.29,0.147,0.011,-0.032,0.038,0.147,85.721,0.35,0.194,-0.01,-0.026,0.029,0.194,92.951,0.41,0.079,0.027,-0.027,0.013,0.083,71.131,0.47,0.198,0.074,-0.041,-0.041,0.211,69.507,0.53,0.103,0.067,-0.029,0.01,0.123,56.957,0.59,0.108,0.065,-0.022,0.009,0.126,58.958,0.65,0.095,0.045,-0.025,-0.012,0.105,64.654,0.71,0.156,0.06,-0.034,-0.03,0.167,68.962,0.77,0.167,0.029,-0.035,-0.022,0.169,80.149,0.83,0.183,0.075,-0.019,-0.032,0.198,67.714,0.89,0.035,0.056,0.008,0.047,0.066,32.005,0.95,-0.041,-0.052,0.007,0.083,0.066,218.254,1.01,0.103,0.038,-0.052,-0.07,0.11,69.749,1.07,0.16,0.022,-0.018,-0.009,0.162,82.171,1.13,-0.017,0.034,-0.058,-0.09,0.038,333.435,1.19,0.1,0.068,-0.034,-0.003,0.121,55.784,0,0,0,0,0,0,0,0,0,0,0,0,0,0
62,7/12/2007 14:37,1MHz,HD,1.62,0.06,0.14,0.17,0.141,-0.004,-0.047,0.02,0.141,91.625,0.23,0.029,-0.054,-0.047,0.096,0.061,151.763,0.29,0.008,0.051,-0.004,0.036,0.052,8.915,0.35,0.126,0.053,-0.023,0.011,0.137,67.187,0.41,0.137,0.081,-0.021,-0.005,0.159,59.407,0.47,0.088,0.032,-0.017,0.03,0.094,70.017,0.53,0.205,0.05,-0.041,-0.018,0.211,76.293,0.59,0.112,0.036,-0.021,0.01,0.118,72.181,0.65,0.123,0.07,-0.016,0.003,0.142,60.356,0.71,0.086,0.028,-0.003,0.028,0.09,71.966,0.77,0.174,0.057,-0.012,-0.016,0.183,71.862,0.83,0.233,0.079,-0.054,-0.084,0.246,71.27,0.89,0.076,0.09,-0.029,-0.014,0.118,40.179,0.95,0.3,0.028,-0.021,0.005,0.301,84.668,1.01,0.161,0.017,-0.03,-0.021,0.162,83.972,1.07,0.111,0.024,-0.028,-0.006,0.114,77.8,1.13,0.128,0.028,0,0.073,0.131,77.661,1.19,0.091,0.065,-0.029,0.012,0.112,54.462,0,0,0,0,0,0,0,0,0,0,0,0,0,0
63,7/12/2007 14:37,1MHz,HD,1.62,0.06,0.14,0.17,0.156,0.014,-0.043,0.013,0.157,84.872,0.23,0.076,-0.05,-0.049,0.073,0.091,123.341,0.29,0.115,0.011,-0.023,0.003,0.116,84.536,0.35,-0.084,0.139,0.046,0.053,0.162,328.855,0.41,0.138,0.059,-0.033,-0.008,0.15,66.852,0.47,0.073,0.054,-0.011,0.019,0.091,53.509,0.53,0.155,0.048,-0.031,0.002,0.162,72.793,0.59,0.006,0.036,-0.005,0.073,0.036,9.462,0.65,-0.028,0.066,0.022,0.068,0.072,337.011,0.71,-0.018,0.015,-0.035,0.004,0.023,309.806,0.77,0.057,0.028,-0.034,-0.023,0.064,63.838,0.83,0.052,0.062,-0.03,-0.009,0.081,39.987,0.89,0.134,-0.007,-0.029,0.009,0.134,92.99,0.95,-0.095,0.028,0.016,0.052,0.099,286.422,1.01,0.038,0.089,-0.032,0.017,0.097,23.121,1.07,0.095,0.076,-0.033,0.018,0.122,51.34,1.13,-0.011,0.028,-0.039,-0.021,0.03,338.552,1.19,-0.006,-0.118,-0.033,-0.103,0.118,182.911,0,0,0,0,0,0,0,0,0,0,0,0,0,0
